{"name":"e3630600-0c14-45b4-a3f8-b324d3814e0f","id":"/providers/Microsoft.Flow/flows/e3630600-0c14-45b4-a3f8-b324d3814e0f","type":"Microsoft.Flow/flows","properties":{"apiId":"/providers/Microsoft.PowerApps/apis/shared_logicflows","displayName":"AzureDevOps Code Repos","definition":{"metadata":{"workflowEntityId":null,"creator":{"id":"42fd7acc-1cb5-4e39-b560-968a60819601","type":"User","tenantId":"4ddd393a-e98a-4404-841f-c4becdd925a5"},"provisioningMethod":"FromDefinition","failureAlertSubscription":true,"clientLastModifiedTime":"2020-06-09T00:32:55.1275219Z"},"$schema":"https://schema.management.azure.com/providers/Microsoft.Logic/schemas/2016-06-01/workflowdefinition.json#","contentVersion":"1.0.0.0","parameters":{"$connections":{"defaultValue":{},"type":"Object"},"$authentication":{"defaultValue":{},"type":"SecureObject"}},"triggers":{"When_code_is_pushed_(Git)":{"recurrence":{"frequency":"Minute","interval":5},"splitOn":"@triggerBody()?['value']","metadata":{"flowSystemMetadata":{"swaggerOperationId":"OnGitPush"}},"type":"ApiConnection","inputs":{"host":{"connection":{"name":"@parameters('$connections')['shared_visualstudioteamservices']['connectionId']"},"api":{"runtimeUrl":"https://flow-apim-msmanaged-na-westus2-01.azure-apim.net/apim/visualstudioteamservices"}},"method":"get","path":"/gitpushed_trigger/@{encodeURIComponent('Web Technologies (Project 1)')}/_apis/git/repositories/@{encodeURIComponent('Web Technologies (Project 1)')}/pushes","queries":{"account":"Htsai1983","refName":"refs/heads/master"},"authentication":"@parameters('$authentication')"}}},"actions":{"Send_an_email_(V2)":{"runAfter":{},"metadata":{"flowSystemMetadata":{"swaggerOperationId":"SendEmailV2"}},"type":"ApiConnection","inputs":{"host":{"connection":{"name":"@parameters('$connections')['shared_office365']['connectionId']"},"api":{"runtimeUrl":"https://flow-apim-msmanaged-na-northcentralus-01.azure-apim.net/apim/office365"}},"method":"post","body":{"To":"Sadode1713@conestogac.on.ca;Psiriki2102@conestogac.on.ca;Htsai1983@conestogac.on.ca","Subject":"@{triggerBody()?['date']}@{triggerBody()?['pushedBy']?['id']}@{triggerBody()?['pushedBy']?['displayName']}@{triggerBody()?['repository']?['remoteUrl']}","Body":"The repository: @{triggerBody()?['repository']?['name']} has been updated"},"path":"/v2/Mail","authentication":"@parameters('$authentication')"}},"Apply_to_each":{"foreach":"@triggerBody()?['refUpdates']","actions":{"Post_a_message_(V3)":{"runAfter":{},"metadata":{"flowSystemMetadata":{"swaggerOperationId":"PostMessageToChannelV3"}},"type":"ApiConnection","inputs":{"host":{"connection":{"name":"@parameters('$connections')['shared_teams']['connectionId']"},"api":{"runtimeUrl":"https://flow-apim-msmanaged-na-northcentralus-01.azure-apim.net/apim/teams"}},"method":"post","body":{"body":{"content":"<p>Hello,<br>\nThe repository @{triggerBody()?['repository']?['name']} has been updated by @{triggerBody()?['pushedBy']?['displayName']} and new commit (@{items('Apply_to_each')?['newObjectId']}) &nbsp;has been pushed.<br>\n<br>\nRegards,<br>\n@{triggerBody()?['pushedBy']?['displayName']}</p>","contentType":"html"},"subject":"@{triggerBody()?['date']}: @{triggerBody()?['repository']?['url']}"},"path":"/v3/beta/teams/@{encodeURIComponent('02bdb67e-5788-496e-a68a-afe950ae849e')}/channels/@{encodeURIComponent('19:c648b26e81b940329c1faffd3041aa84@thread.tacv2')}/messages","authentication":"@parameters('$authentication')"}}},"runAfter":{},"type":"Foreach"}},"outputs":{}},"connectionReferences":{"shared_office365":{"connectionName":"shared-office365-5942a092-48f8-45bb-800a-270291503bf1","source":"Embedded","id":"/providers/Microsoft.PowerApps/apis/shared_office365","tier":"NotSpecified"},"shared_visualstudioteamservices":{"connectionName":"shared-visualstudiot-05b81ebb-747d-4da2-9c10-762f900b92e5","source":"Embedded","id":"/providers/Microsoft.PowerApps/apis/shared_visualstudioteamservices","tier":"NotSpecified"},"shared_teams":{"connectionName":"shared-teams-0ffeb8a4-ad21-4e72-a76b-51ced8b97655","source":"Embedded","id":"/providers/Microsoft.PowerApps/apis/shared_teams","tier":"NotSpecified"}},"flowFailureAlertSubscribed":false}}